{
  "n": 300,
  "sum": 2154.7127039999996,
  "mean": 7.182375679999999,
  "median": 7.172399,
  "range": 1.5116899999999998,
  "min": 6.68385,
  "max": 8.19554,
  "var_biased": 0.03362873967338423,
  "var_unbiased": 0.033741210374633,
  "std_unbiased": 0.18368780682079308,
  "moment_initial_3": 371.2447246326162,
  "moment_initial_4": 2671.7678513318406,
  "moment_central_3": 0.006352307727743813,
  "moment_central_4": 0.007526824202132632,
  "mode_decimals": 2,
  "mode_count": 14,
  "mode_values": [
    7.17
  ],
  "mu_hat_mean_logs": 1.9713093092127774,
  "b_hat_from_var": 0.01787717026399357,
  "median_logs": 1.9702401865146282,
  "b_hat_mle": 0.01829823393753098
}